Time(s),AngularVelocityX(rad/s),AngularVelocityY(rad/s),AngularVelocityZ(rad/s),EulerAngleX(rad),EulerAngleY(rad),EulerAngleZ(rad),OrientationQuaternion0,OrientationQuaternion1,OrientationQuaternion2,PositionX(m),PositionY(m),PositionZ(m),VelocityX(m/s),VelocityY(m/s),VelocityZ(m/s)
0,0.0,0.0,0.0,-3.141592653589793,-8.659560562354932e-17,1.5707963267948963,1.0,0.0,0.0,0.0,0.0,767.2,0.0,0.0,50.0
0.01,-0.0010130363275670455,-0.0028640566279392074,-1.4802973661668754e-17,-3.141592653589793,-8.659560562354932e-17,1.5707963267948963,1.0,0.0,0.0,0.0,0.0,767.7,0.01889615135114595,-0.006756293677706551,49.898466063911805
0.02,-0.002012297029779617,-0.0057211404377387936,-1.480239855956553e-17,3.141582523226515,2.8640566278815604e-05,1.5707963266498266,0.9999999998846367,-5.065181637640449e-06,-1.432028313914536e-05,0.0001889615135114595,-6.75629367770655e-05,768.1989846606392,0.037783140611723276,-0.013434462262360475,50.59694419814478
0.030000000000009998,-0.003019116542244866,-0.008631224701778323,-1.4801815806434857e-17,3.1415624002561455,8.585197064363261e-05,1.570796325494623,0.9999999989642719,-1.5126666781517145e-05,-4.292598531360007e-05,0.0005667929196290699,-0.00020190755940080457,768.7049541026212,0.056810925351387896,-0.02008763646589036,51.29534281462995
