AOA,CP
0.9990897,12.4396557760348
4.9959979,11.9330265266083
10.0071805,11.5318254771316
15.020093,10.2950795139237
19.9899501,9.85411807024794
