AOSS,CMx
-0.349066,0.6
0,0
0.349066,-0.6
