Time,Mass,CGx,CGy,CGz,MOIx,MOIy,MOIz
0,314000,0,0,-16.918790,33501637.473461,33501637.473461,353250
37.38064235,134000,0,0,-9.421642,10886636.572139,10886636.572139,150750
134.1706424,134000,0,0,-9.421642,10886636.572139,10886636.572139,150750
134.1706425,99000,0,0,-4.797980,941063.762626,941063.762626,111375
195.3641384,19000,0,0,-3.947368,212384.868421,212384.868421,21375