TotalAOA,CD,CL
0,0.21,0
0.034906585039887,0.23,0.24
0.069813170079773,0.25,0.49
0.10471975511966,0.31,0.73
0.139626340159546,0.38,1
0.174532925199433,0.48,1.6
