Mach,Cm
1.5,-0.061694135
1.8,-0.061845161
2.3,-0.024730513
2.96,-0.049272243
3.96,-0.073965
4.63,-0.03666157
