Mach,CN
1.5,0.029825511
1.8,-0.017787096
2.3,0.07141891
2.96,0.041593399
3.96,0.04734208
4.63,0.154335182
