Mach,Cm
1.5,-0.011417813
1.8,-0.033889041
2.3,-0.011417813
2.96,0.022228296
3.96,0.022228296
4.63,0.078588564
