Mach,Cm
1.8,-0.026910159
2.3,-0.062388126
2.96,-0.071197281
3.96,-0.106916595
4.63,-0.151364615
