Mach,CN
1.8,-0.035052653
2.3,-0.026298743
2.96,-0.00431218
3.96,-0.008642866
4.63,-0.008642866
